S. NO,LOT,NAME,COUNTRY,Rtm available ,BASE PRICE,Set,MAT,INNS,NO,RUNS,HS,AVG,BF,SR,100s,50s,4s,6s,INNS,B,RUNS,WKTS,ECON,AVG,SR,4W,5W,Sale Price,Team
1,1,R. Ashwin,India,RR,200,MARQUEE,184,75,27,647,50,13.5,550,117.6,0,1,51,21,181,3900,4534,157,6.97,28.9,24.8,1,0,,
2,1,M.S.Dhoni,India,CSK,200,MARQUEE,234,206,79,4978,84*,39.19,3682,135.19,0,24,346,229,-,-,-,-,-,-,-,-,-,,
3,1,KL Rahul,India,LSG,200,MARQUEE,109,100,19,3889,132*,48.01,2855,136.21,4,31,327,164,-,-,-,-,-,-,-,-,-,,
4,1,Rishabh Pant ,India,DC,200,MARQUEE,98,97,15,2838,128*,34.6,1918,147.96,1,15,260,129,-,-,-,-,-,-,-,-,-,,
5,1,Sanju Samson,India,RR,200,MARQUEE,138,134,13,3526,119,29.14,2598,135.71,3,17,279,158,-,-,-,-,-,-,-,-,-,,
6,1,Ravindra Jadeja,India ,CSK,200,MARQUEE,210,161,67,2502,62*,26.61,1960,127.65,0,2,182,90,181,3205,4064,132,7.6,30.8,24.3,3,1,,
7,1,Hardik Pandya,India ,GT,200,MARQUEE,107,100,35,1963,91,30.2,1330,147.59,0,8,146,110,70,1052,1535,50,8.75,30.7,21,0,0,,
8,1,Virat Kohli ,India ,RCB,200,MARQUEE,223,215,32,6624,113,36.19,5129,129.14,5,44,578,218,26,251,368,4,8.79,92,62.8,0,0,,
9,1,Suryakumar Yadav,India ,MI,200,MARQUEE,123,108,20,2644,82,30.04,1933,136.78,0,16,284,84,1,6,8,0,8,-,-,0,0,,
10,1,Yuzvendra Chahal ,India ,RR,200,MARQUEE,131,20,13,37,8*,5.3,86,43,0,0,0,0,130,2856,3624,166,7.61,21.8,17.2,3,1,,
11,1,Rohit Sharma,India,MI,200,MARQUEE,227,222,28,5879,109*,30.3,4526,129.89,1,40,519,240,32,339,453,15,8.01,30.2,22.6,1,0,,
12,1,Jasprit Bumrah ,India ,MI,200,MARQUEE,120,26,19,56,16*,8,66,84.8,0,0,4,1,120,2742,3380,145,7.39,23.3,18.9,2,1,,
13,1,Shikhar Dhawan ,India ,PBKS,200,MARQUEE,206,205,27,6244,106*,35.07,4942,126.34,2,47,701,136,6,48,66,4,8.25,16.5,12,0,0,,
14,1,Kagiso Rabada ,South Africa,PBKS,200,MARQUEE,63,26,11,186,44,12.4,177,105.1,0,0,16,6,63,1428,1966,99,8.26,19.9,14.4,6,0,,
15,1,Jos Buttler ,England,RR,200,MARQUEE,82,81,10,2831,124,39.87,1891,149.7,5,15,277,135,-,-,-,-,-,-,-,-,-,,
16,1,Andre Russel ,West Indies,KKR,200,MARQUEE,98,82,15,2035,88*,30.37,1144,177.88,0,10,137,175,89,1430,2179,89,9.14,24.5,16.1,2,1,,
17,1,Ishan Kishan,India,MI,200,MARQUEE,75,70,6,1870,99,29.2,1413,132.3,0,12,166,85,-,-,-,-,-,-,-,-,-,,
18,1,Rashid Khan,Afghanistan,GT,200,MARQUEE,92,43,15,313,40,11.2,206,151.9,0,0,20,22,92,2195,2333,112,6.37,20.8,19.6,1,0,,
19,1,David Warner ,Australia ,DC,200,MARQUEE,162,162,22,5881,126,42,4180,140.69,4,55,577,216,-,-,-,-,-,-,-,-,-,,
224,1,Glenn Maxwell,Australia,RCB,200,MARQUEE,110,106,15,2319,95,25.5,1507,153.9,0,13,197,127,66,786,1080,28,8.24,38.6,28.1,0,0,,
20,1,Kane Williamson,New Zealand,SRH,200,MARQUEE,76,75,17,2101,89,36.22,1667,126.03,0,18,181,64,2,18,31,0,10.33,-,-,0,0,,
21,1,Sunil Narine,West Indies,KKR,200,MARQUEE,148,86,17,1025,75,14.8,630,162.7,0,4,112,63,147,3457,3820,152,6.63,25.1,22.7,7,1,,
22,1,Sam Curran,England,_,200,MARQUEE,32,23,8,337,55*,22.5,225,149.8,0,2,30,18,31,648,995,32,9.21,31.1,20.2,1,0,,
23,1,Ben Stokes,England,_,200,MARQUEE,43,42,6,920,107*,25.6,684,134.5,2,2,79,32,37,683,974,28,8.55,34.8,24.4,0,0,,
24,2,Prithvi Shaw,India,DC,200,BATSMEN 1,63,63,0,1588,99,25.2,1077,147.4,0,12,192,55,-,-,-,-,-,-,-,-,-,,
25,2,Devdutt Padikkal,India,RR,200,BATSMEN 1,46,46,1,1260,74,28,1013,124.4,1,7,135,36,-,-,-,-,-,-,-,-,-,,
26,2,Ruturaj Gaikwad ,India ,CSK,100,BATSMEN 1,36,36,4,1207,99,37.7,926,130.3,1,10,113,43,-,-,-,-,-,-,-,-,-,,
27,2,Manish Pandey,India,LSG,100,BATSMEN 1,160,149,27,3648,114*,29.9,3002,121.51,1,21,318,105,-,-,-,-,-,-,-,-,-,,
28,2,Mayank Agarwal,India,PBKS,100,BATSMEN 1,113,107,4,2327,106,22.59,1733,134.27,1,12,226,91,-,-,-,-,-,-,-,-,-,,
29,2,Ajinkya Rahane,India,KKR,100,BATSMEN 1,77,73,6,1879,8,28,1543,121.8,1,11,200,38,-,-,-,-,-,-,-,-,-,,
30,2,Shreyas iyer ,India,KKR,200,BATSMEN 1,101,101,13,2776,96,31.54,2214,125.38,0,19,237,99,-,-,-,-,-,-,-,-,-,,
31,2,Shimron Hetmyer,West Indies,RR,150,BATSMEN 1,46,44,17,831,75,30.8,546,152.2,0,3,55,52,-,-,-,-,-,-,-,-,-,,
32,2,Jason Roy,England,_,200,BATSMEN 1,13,13,2,329,91*,29.9,255,129,0,2,39,9,-,-,-,-,-,-,-,-,-,,
33,2,Faf Du Plesis ,South Africa,RCB,200,BATSMEN 1,116,109,10,3403,96,34.37,2606,130.58,0,25,314,109,-,-,-,-,-,-,-,-,-,,
34,2,Steve Smith,Australia,_,200,BATSMEN 1,57,53,9,1524,84*,34.6,1210,126,1,9,140,35,-,-,-,-,-,-,-,-,-,,
35,2,Aaron Finch,Australia,KKR,150,BATSMEN 1,92,90,7,2091,88*,25.19,1631,128.2,0,15,214,78,-,-,-,-,-,-,-,-,-,,
36,2,Aiden Markram ,South Africa,SRH,150,BATSMEN 1,20,18,5,527,68*,40.5,393,134.1,0,3,37,23,-,-,-,-,-,-,-,-,-,,
37,2,David Miller,South Africa,GT,200,BATSMEN 1,105,102,35,2455,101*,36.64,1783,137.68,1,12,169,113,-,-,-,-,-,-,-,-,-,,
38,2,Devon Conway,New Zealand,CSK,100,BATSMEN 1,7,7,1,252,87,42,173,145.7,0,3,22,12,-,-,-,-,-,-,-,-,-,,
39,2,Alex Hales,England,KKR,150,BATSMEN 1,7,7,1,252,87,42,173,145.7,0,3,22,12,-,-,-,-,-,-,-,-,-,,
40,2,Dawid Malan,England,_,150,BATSMEN 1,1,1,0,26,26,26,26,100,0,0,1,1,-,-,-,-,-,-,-,-,-,,
41,2,Evin Lewis,West Indies,LSG,200,BATSMEN 1,27,26,2,654,65,27.25,477,137.11,0,4,62,36,-,-,-,-,-,-,-,-,-,,
42,2,Martin Guptill,New Zealand,_,75,BATSMEN 1,13,13,1,270,50,22.5,196,137.76,0,1,24,15,-,-,-,-,-,-,-,-,-,,
43,3,Axar Patel,India,DC,150,ALL ROUNDERS 1,122,88,29,1135,44,19.24,881,128.83,0,0,67,54,121,2549,3083,101,7.3,30.5,25.2,1,0,,
44,3,Krunal Pandya,India,LSG,200,ALL ROUNDERS 1,98,85,26,1326,86,22.47,970,136.7,0,1,121,50,93,1670,2038,61,7.3,33.4,27.4,0,0,,
45,3,Deepak Hooda ,India ,LSG,150,ALL ROUNDERS 1,95,75,14,1236,64,20.26,936,132.05,0,7,77,56,30,349,501,10,8.6,50.1,34.9,0,0,,
46,3,Harshal Patel,India,RCB,200,ALL ROUNDERS 1,78,36,14,230,36,10.45,178,129.21,0,0,15,13,76,1580,2218,97,8.4,22.9,16.3,2,1,,
47,3,Nitish Rana,India,KKR,100,ALL ROUNDERS 1,91,85,8,2181,87,28.32,1625,134.21,0,15,190,111,18,127,177,7,8.4,25.3,18.1,0,0,,
48,3,Washington Sundar,India,SRH,150,ALL ROUNDERS 1,51,33,10,318,40,13.83,264,120.45,0,0,26,9,49,918,1106,33,7.2,33.5,27.8,0,0,,
49,3,Mitchell Santner,New Zealand,CSK,100,ALL ROUNDERS 1,12,6,3,54,22,18,50,108,0,0,3,3,12,240,277,10,6.9,27.7,24,0,0,,
50,3,Shakib Al Hasan,Bangladesh,_,200,ALL ROUNDERS 1,71,52,12,793,66,19.82,637,124.49,0,2,73,21,70,1481,1839,63,7.5,29.2,23.5,0,0,,
51,3,Wanindu Hasaranga,Sri Lanka,RCB,100,ALL ROUNDERS 1,18,9,1,39,18,4.88,45,86.67,0,0,4,1,18,378,490,26,7.7,18.85,14.54,1,1,,
52,3,Jason Holder,West Indies,LSG,150,ALL ROUNDERS 1,38,24,5,247,47,13,200,123.5,0,0,13,17,38,821,1177,49,8.6,24,16.8,1,0,,
53,3,Mitchell Marsh,Australia,DC,200,ALL ROUNDERS 1,29,23,2,476,89,22.67,386,123.32,0,2,28,28,23,338,522,24,8.1,21.8,16.2,1,0,,
54,3,Mohammad Nabi,Afghanistan,KKR,100,ALL ROUNDERS 1,17,14,2,180,31,15,119,151.26,0,0,16,9,17,343,408,13,7.1,31.4,26.4,1,0,,
55,3,Marcus Stoinis,Australia,LSG,150,ALL ROUNDERS 1,67,59,18,1070,65,26.1,779,137.36,0,4,83,48,50,551,1048,34,9.7,30.8,19.1,1,0,,
56,3,Liam Livingstone,England,PBKS,100,ALL ROUNDERS 1,23,23,3,549,70,27.45,329,166.87,0,4,38,40,13,144,215,6,9,35.8,24,0,0,,
57,3,Sikandar Raza,Zimbabwe,_,50,ALL ROUNDERS 1,66,63,3,1259,87,21,977,128.9,0,6,99,47,55,846,1013,33,7.18,26.6,22.3,1,0,,
58,3,Odean Smith,West Indies,PBKS,100,ALL ROUNDERS 1,6,6,3,51,25,17,44,115.91,0,0,1,5,6,90,178,6,11.9,29.7,15,1,0,,
59,3,Romario Shepherd,West Indies,SRH,75,ALL ROUNDERS 1,3,3,1,58,26,29,41,141.46,0,0,2,5,3,54,98,3,10.9,32.7,18,0,0,,
60,3,Moeen Ali,England,CSK,200,ALL ROUNDERS 1,44,42,3,910,93,23.33,632,143.99,0,5,76,53,37,551,627,24,6.8,26.1,23,0,0,,
61,4,Ambati Rayudu,India,CSK,200,WICKET KEEPERS 1,188,175,31,4190,100,29.1,3296,127.12,1,22,349,164,-,-,-,-,-,-,-,-,-,,
62,4,Dinesh karthik,India,RCB,200,WICKET KEEPERS 1,229,208,45,4376,97*,26.84,3299,132.64,0,20,426,134,-,-,-,-,-,-,-,-,-,,
63,4,Wriddhiman Saha,India,GT,100,WICKET KEEPERS 1,144,119,23,2427,115*,25.28,1898,127.87,1,11,231,76,-,-,-,-,-,-,-,-,-,,
64,4,Jonny Bairstow,England,PBKS,150,WICKET KEEPERS 1,39,39,3,1291,114,35.86,905,142.65,1,9,133,55,-,-,-,-,-,-,-,-,-,,
65,4,Glenn Phillips ,New Zealand,SRH,150,WICKET KEEPERS 1,3,3,1,26,14,13,33,78.79,0,0,1,2,-,-,-,-,-,-,-,-,-,,
66,4,Quinton De Kock ,South Africa,LSG,200,WICKET KEEPERS 1,92,92,6,2764,140*,32.13,2064,133.91,2,19,277,106,-,-,-,-,-,-,-,-,-,,
67,4,Sam Billings,England,KKR,200,WICKET KEEPERS 1,30,27,1,503,56,19.35,388,129.64,0,3,40,20,-,-,-,-,-,-,-,-,-,,
68,4,Tim Seifert,New Zealand,DC,50,WICKET KEEPERS 1,3,3,0,26,21,8.67,23,113.04,0,0,4,0,-,-,-,-,-,-,-,-,-,,
69,4,Matthew Wade,Australia,GT,200,WICKET KEEPERS 1,13,13,0,179,35,13.77,171,104.68,0,0,23,2,-,-,-,-,-,-,-,-,-,,
70,4,Nicholas Pooran,West Indies,SRH,150,WICKET KEEPERS 1,47,44,9,912,77,26.06,603,151.24,0,4,51,65,-,-,-,-,-,-,-,-,-,,
71,4,Finn Allen,New Zealand,RCB,50,WICKET KEEPERS 1,28,28,0,616,101,22,384,160.4,1,2,62,36,-,-,-,-,-,-,-,-,-,,
72,4,Heinrich Klaasen,South Africa,_,50,WICKET KEEPERS 1,7,6,1,66,32,13.2,57,115.79,0,0,5,1,-,-,-,-,-,-,-,-,-,,
73,5,Sandeep Sharma,India,PBKS,50,FAST BOWLERS 1,104,25,19,52,9,8.67,64,81.25,0,0,4,0,104,2315,3002,114,7.8,26.3,20.3,2,0,,
74,5,Mohammed Shami,India ,GT,200,FAST BOWLERS 1,93,23,12,69,21,6.27,73,94.52,0,0,5,2,93,2030,2890,99,8.5,29.2,20.5,0,0,,
75,5,Bhuvneshwar Kumar ,India ,SRH,200,FAST BOWLERS 1,146,57,28,241,24,8.31,250,96.4,0,0,23,3,146,3258,3971,154,7.3,25.8,21.2,2,1,,
76,5,Arshdeep Singh ,India ,PBKS,100,FAST BOWLERS 1,37,9,5,23,10,5.75,35,65.71,0,0,3,0,37,754,1054,40,8.4,26.4,18.9,0,1,,
77,5,Jaydev Unadkat,India,MI,75,FAST BOWLERS 1,91,26,14,164,26,13.67,133,123.31,0,0,13,6,90,1891,2778,91,8.8,30.5,20.8,0,2,,
78,5,Deepak Chahar,India,CSK,200,FAST BOWLERS 1,63,12,5,79,39,11.29,57,138.6,0,0,2,6,63,1322,1722,59,7.8,29.2,22.4,2,0,,
79,5,Shivam Mavi,India,KKR,40,FAST BOWLERS 1,32,12,3,51,20,5.67,56,91.07,0,0,4,2,32,649,942,30,8.7,31.4,21.6,1,0,,
80,5,Avesh Khan,India,LSG,20,FAST BOWLERS 1,38,6,4,31,12,15.5,19,163.16,0,0,2,3,38,830,1165,47,8.4,24.8,17.7,1,0,,
81,5,Prasidh Krishna,India,RR,100,FAST BOWLERS 1,51,10,7,9,4,3,24,37.5,0,0,0,0,51,1141,1703,49,9,34.8,23.3,1,0,,
82,5,T. Natarajan,India,SRH,100,FAST BOWLERS 1,35,4,4,3,3,-,5,60,0,0,0,0,35,755,1094,38,8.7,28.8,19.9,0,0,,
83,5,Umesh Yadav,India,KKR,200,FAST BOWLERS 1,133,45,27,177,24,9.83,168,105.36,0,0,15,8,132,2804,3918,135,8.4,29,20.8,3,0,,
84,5,Shardul Thakur,India,DC,200,FAST BOWLERS 1,75,24,8,173,29,10.81,134,129.1,0,0,12,8,74,1544,2340,82,9.1,28.5,18.8,1,0,,
85,5,Lockie Ferguson,New Zealand,GT,200,FAST BOWLERS 1,35,9,7,67,24,33.5,45,148.89,0,0,6,2,35,761,1075,36,8.5,29.9,21.2,1,0,,
86,5,Jofra Archer ,England,MI,200,FAST BOWLERS 1,35,23,10,195,27,15,124,157.26,0,0,11,14,35,821,981,46,7.2,21.3,17.9,0,0,,
87,5,Josh Hazlewood,Australia,RCB,200,FAST BOWLERS 1,24,5,5,18,7,-,26,69.23,0,0,1,0,24,548,734,32,8,22.9,17.1,1,0,,
88,5,Mustafizur Rahman,Bangladesh,DC,200,FAST BOWLERS 1,46,8,7,12,8,12,22,54.55,0,0,0,1,46,1045,1365,46,7.8,29.7,22.7,0,0,,
89,5,Mark Wood,England,LSG,200,FAST BOWLERS 1,1,1,0,1,1,1,3,33.33,0,0,0,0,1,24,49,0,12.2,-,-,0,0,,
90,5,Trent Boult ,New Zealand,RR,200,FAST BOWLERS 1,78,18,13,53,17,10.6,48,110.42,0,0,2,2,78,1784,2475,92,8.3,26.9,19.4,1,0,,
91,5,Jason Behrendorff,Australia,RCB,70,FAST BOWLERS 1,5,0,0,0,0,,0,,0,0,0,0,5,114,165,5,8.7,33,22.8,0,0,,
92,5,Adam Milne,New Zealand,CSK,150,FAST BOWLERS 1,10,6,2,23,15,5.75,29,79.31,0,0,0,1,10,206,327,7,9.5,46.7,29.4,0,0,,
93,5,Kane Richardson,Australia,_,150,FAST BOWLERS 1,15,4,1,36,26,12,39,92.31,0,0,2,1,15,333,472,19,8.5,24.8,17.5,0,0,,
94,5,Tim Southee,New Zealand,KKR,150,FAST BOWLERS 1,52,20,7,120,36,9.23,107,112.15,0,0,8,4,52,1170,1663,45,8.5,37,26,0,0,,
95,5,Lungi ngidi ,South Africa,DC,50,FAST BOWLERS 1,14,0,0,0,0,,0,,0,0,0,0,14,324,448,25,8.3,17.9,13,1,0,,
96,5,Josh Little,Ireland,_,50,FAST BOWLERS 1,53,25,14,86,15,7.8,109,78.9,0,0,7,2,52,1153,1473,62,7.65,23.8,18.6,2,0,,
97,5,Anrich Nortje,South Africa,DC,50,FAST BOWLERS 1,30,6,5,8,3,8,12,66.67,0,0,0,0,30,680,916,43,8.1,21.3,15.8,0,0,,
98,5,Jhye Richardson,Australia,_,150,FAST BOWLERS 1,3,2,0,15,15,7.5,24,62.5,0,0,2,0,3,66,117,3,10.6,39,22,0,0,,
99,5,Reece Topley,England,_,75,FAST BOWLERS 1,22,7,5,13,9,6.5,16,81.2,0,0,1,0,22,469,649,22,8.3,29.5,21.9,0,0,,
100,6,Rahul Chahar,India,PBKS,70,SPIN BOWLERS 1,55,19,6,108,25,8.31,100,108,0,0,10,4,54,1178,1477,57,7.5,25.9,20.7,1,0,,
101,6,Varun Chakravarthy,India,KKR,100,SPIN BOWLERS 1,42,10,7,24,10,8,37,64.86,0,0,2,0,42,972,1171,42,7.2,27.9,23.1,0,1,,
102,6,Kuldeep Yadav,India ,DC,200,SPIN BOWLERS 1,59,18,11,105,16,15,127,82.68,0,0,8,2,57,1192,1655,61,8.3,27.1,19.5,3,0,,
103,6,Ravi Bishnoi ,India ,LSG,50,SPIN BOWLERS 1,37,5,3,8,6,4,17,47.06,0,0,1,0,37,846,1062,37,7.5,28.7,22.9,0,0,,
104,6,Amit Mishra,India,_,150,SPIN BOWLERS 1,154,56,25,362,31,11.68,389,93.06,0,0,29,5,154,3241,3976,166,7.4,24,19.5,4,1,,
105,6,Piyush Chawla,India,_,50,SPIN BOWLERS 1,165,82,32,584,24,11.68,526,111.03,0,0,54,18,164,3265,4301,157,7.9,27.4,20.8,2,0,,
106,6,Adil Rashid,England,_,200,SPIN BOWLERS 1,1,0,0,0,0,,0,,0,0,0,0,1,18,35,0,11.7,-,-,0,0,,
107,6,Adam Zampa,Australia,_,200,SPIN BOWLERS 1,14,2,0,5,5,2.5,8,62.5,0,0,1,0,14,285,370,21,7.8,17.6,13.6,0,1,,
108,6,Maheesh Theekshana, Sri Lanka,CSK,50,SPIN BOWLERS 1,9,2,1,7,7,7,7,100,0,0,0,1,9,210,261,12,7.5,21.8,17.5,1,0,,
109,7,Mandeep Singh,India,DC,50,BATSMEN 2,108,95,16,1692,77,21.42,1372,123.32,0,6,176,37,-,-,-,-,-,-,-,-,-,,
110,7,Priyam Garg,India,_,20,BATSMEN 2,21,17,1,251,51,15.69,218,115.14,0,1,15,9,-,-,-,-,-,-,-,-,-,,
111,7,C.Hari Nishaanth,India,CSK,20,BATSMEN 2,30,29,4,652,92,26.1,535,121.9,0,3,62,27,-,-,-,-,-,-,-,-,-,,
112,7,Rahul Tripathi,India,SRH,40,BATSMEN 2,76,74,10,1798,93,28.09,1277,140.8,0,10,176,68,-,-,-,-,-,-,-,-,-,,
113,7,Karun Nair,India,RR,50,BATSMEN 2,76,68,5,1496,83,23.75,1171,127.75,0,10,161,39,-,-,-,-,-,-,-,-,-,,
114,7,Manan Vohra,India,LSG,20,BATSMEN 2,55,50,2,1073,95,22.35,818,131.17,0,3,103,43,-,-,-,-,-,-,-,-,-,,
115,7,Tilak Verma,India,MI,20,BATSMEN 2,14,14,3,397,61,36.09,303,131.02,0,2,29,16,-,-,-,-,-,-,-,-,-,,
116,7,Yash Dhull,India,DC,20,BATSMEN 2,8,8,3,363,73,72.6,276,131.5,0,3,36,11,-,-,-,-,-,-,-,-,-,,
117,7,Yashasvi Jaiswal,India,RR,50,BATSMEN 2,23,23,0,547,68,23.78,406,134.73,0,3,62,22,-,-,-,-,-,-,-,-,-,,
118,7,Shahrukh Khan,India,PBKS,40,BATSMEN 2,19,18,4,270,47,19.29,222,121.62,0,0,13,19,-,-,-,-,-,-,-,-,-,,
119,7,Rajat Patidar,India,RCB,20,BATSMEN 2,12,11,1,404,112,40.4,280,144.29,1,2,30,21,-,-,-,-,-,-,-,-,-,,
120,7,Ayush Badoni,India,LSG,20,BATSMEN 2,9,9,0,206,43,22.89,129,159.69,0,0,16,13,-,-,-,-,-,-,-,-,-,,
121,7,Rinku Singh ,India,KKR,20,BATSMEN 2,17,15,3,251,42,20.9,193,130.1,0,0,23,9,-,-,-,-,-,-,-,-,-,,
122,7,Hanuma Vihari,India,_,50,BATSMEN 2,24,23,3,284,46,14.2,321,88.47,0,0,23,1,-,-,-,-,-,-,-,-,-,,
123,7,Dewald Brevis,South Africa,MI,20,BATSMEN 2,7,7,0,161,49,23,113,142.48,0,0,14,11,-,-,-,-,-,-,-,-,-,,
124,7,Rassie Van Der Dussen,South Africa,RR,100,BATSMEN 2,3,3,1,22,12,11,24,91.67,0,0,2,0,-,-,-,-,-,-,-,-,-,,
125,7,Chris Lynn,Australia,_,150,BATSMEN 2,42,42,3,1329,93,34.08,945,140.63,0,10,132,66,-,-,-,-,-,-,-,-,-,,
126,7,Marnus Labuschagne,Australia,_,100,BATSMEN 2,1,1,0,2,2,2,4,50,0,0,0,0,-,-,-,-,-,-,-,-,-,,
127,7,Sherfane Rutherford,West Indies,RCB,100,BATSMEN 2,10,9,2,106,28,15.14,104,101.92,0,0,3,8,-,-,-,-,-,-,-,-,-,,
128,7,Tristan Stubbs,South Africa,MI,20,BATSMEN 2,2,2,0,2,2,1,4,50,0,0,0,0,-,-,-,-,-,-,-,-,-,,
129,7,Bhanuka Rajapaksa,Sri Lanka,PBKS,50,BATSMEN 2,9,9,0,206,43,22.89,129,159.69,0,0,16,13,-,-,-,-,-,-,-,-,-,,
130,7,Rilee Rossouw,South Africa,_,200,BATSMEN 2,5,5,0,53,24,10.6,51,103.92,0,0,3,3,-,-,-,-,-,-,-,-,-,,
131,8,K.S. Bharat,India,DC,20,WICKET KEEPERS 2,10,9,2,199,78,28.43,163,122.09,0,1,12,8,-,-,-,-,-,-,-,-,-,,
132,8,Sheldon Jackson,India,KKR,30,WICKET KEEPERS 2,9,8,2,61,16,10.17,57,107.02,0,0,5,1,-,-,-,-,-,-,-,-,-,,
133,8,N. Jagadeesan,India,CSK,20,WICKET KEEPERS 2,7,4,1,73,39,24.33,66,110.61,0,0,7,1,-,-,-,-,-,-,-,-,-,,
135,8,Shreevats Goswami,India,_,20,WICKET KEEPERS 2,31,21,1,293,52,14.65,295,99.32,0,1,32,3,-,-,-,-,-,-,-,-,-,,
136,8,Prabhsimran Singh,India,PBKS,20,WICKET KEEPERS 2,6,6,0,64,16,10.67,66,96.97,0,0,6,2,-,-,-,-,-,-,-,-,-,,
137,8,Vishnu Vinod,India,_,20,WICKET KEEPERS 2,3,3,0,19,9,6.33,26,73.08,0,0,1,1,-,-,-,-,-,-,-,-,-,,
138,8,Jitesh Sharma,India,PBKS,20,WICKET KEEPERS 2,12,10,2,234,44,29.25,143,163.64,0,0,22,12,-,-,-,-,-,-,-,-,-,,
139,8,Dhruv Jurel,India,RR,20,WICKET KEEPERS 2,3,3,0,28,23,9.3,39,71.8,0,0,0,1,-,-,-,-,-,-,-,-,-,,
140,8,Anuj Rawat,India,RCB,20,WICKET KEEPERS 2,10,9,0,129,66,14.33,119,108.4,0,1,10,7,-,-,-,-,-,-,-,-,-,,
141,8,Phil Salt,England,_,200,WICKET KEEPERS 2,13,12,1,245,88,22.3,152,161.2,0,2,28,2,-,-,-,-,-,-,-,-,-,,
142,8,Rahmanullah Gurbaz,Afghanistan,_,50,WICKET KEEPERS 2,37,37,0,921,87,24.9,667,138.1,0,5,73,56,-,-,-,-,-,-,-,-,-,,
143,8,Litton Das,Bangladesh,_,50,WICKET KEEPERS 2,65,64,1,1388,69,22,1077,128.9,0,8,137,43,-,-,-,-,-,-,-,-,-,,
144,9,Abdul Samad,India,SRH,70,ALL ROUNDERS 2,25,20,4,226,33,14.12,159,142.14,0,0,12,14,5,54,113,2,12.6,56.5,27,0,0,,
145,9,Shahbaz Ahamad,India,RCB,30,ALL ROUNDERS 2,29,19,4,279,45,18.6,235,118.72,0,0,18,11,22,330,472,13,8.6,36.3,25.4,0,0,,
146,9,Harpreet Brar,India,PBKS,20,ALL ROUNDERS 2,15,9,6,106,25,35.33,95,111.58,0,0,6,5,15,288,374,9,7.8,41.6,32,0,0,,
147,9,Sarfaraz Khan,India,DC,20,ALL ROUNDERS 2,46,33,11,532,67,24.18,386,137.82,0,1,59,13,1,1,6,0,30,-,-,0,0,,
149,9,Kamlesh Nagarkoti,India,DC,40,ALL ROUNDERS 2,12,7,3,22,8,5.5,33,66.67,0,0,1,0,11,180,285,5,9.5,57,36,0,0,,
150,9,Riyan Parag,India,RR,30,ALL ROUNDERS 2,47,37,6,522,56,16.84,418,124.88,0,2,40,22,19,157,280,4,10.7,70,39.2,0,0,,
151,9,Abhishek Sharma,India,SRH,20,ALL ROUNDERS 2,36,34,6,667,75,23.82,493,135.29,0,2,64,25,17,156,214,7,8.2,30.6,22.3,0,0,,
152,9,Rahul Tewatia,India,GT,40,ALL ROUNDERS 2,64,46,17,738,53,25.45,566,130.39,0,1,57,35,50,829,1096,32,7.9,34.2,25.9,0,0,,
153,9,Rishi Dhawan,India,PBKS,50,ALL ROUNDERS 2,25,20,4,226,33,14.12,159,142.14,0,0,12,14,5,54,113,2,12.6,56.5,27,0,0,,
154,9,Venkatesh Iyer,India,KKR,20,ALL ROUNDERS 2,22,22,2,552,67,27.6,457,120.79,0,5,54,21,8,74,115,3,9.3,38.3,24.6,0,0,,
155,9,Daniel Sams,Australia,MI,100,ALL ROUNDERS 2,16,13,4,44,15,4.89,44,100,0,0,1,3,16,360,523,14,8.7,37.4,25.7,1,0,,
156,9,Dwaine Pretorius,South Africa,CSK,50,ALL ROUNDERS 2,6,5,1,44,22,11,28,157.14,0,0,3,3,6,126,210,6,10,35,21,0,0,,
157,9,Cameron Green,Australia,_,200,ALL ROUNDERS 2,8,8,0,139,61,17.4,80,173.8,0,2,17,8,7,120,178,5,8.9,35.6,24,0,0,,
158,10,K.M. Asif,India,CSK,20,FAST BOWLERS 2,3,0,0,0,0,,0,,0,0,0,0,3,49,93,4,11.5,23.2,12.1,0,0,,
159,10,Akash Deep,India,RCB,20,FAST BOWLERS 2,5,1,0,0,0,0,2,0,0,0,0,0,5,111,205,5,11.1,41,22.2,0,0,,
161,10,Tushar Deshpande,India,CSK,20,FAST BOWLERS 2,7,2,1,21,20,21,12,175,0,0,2,1,7,144,255,4,10.6,63.8,36,0,0,,
162,10,Ishan Porel,India,PBKS,20,FAST BOWLERS 2,1,0,0,0,0,,0,,0,0,0,0,1,24,39,1,9.8,39,24,0,0,,
163,10,Kartik Tyagi,India,SRH,20,FAST BOWLERS 2,16,7,3,13,7,3.25,16,81.25,0,0,1,0,16,361,570,14,9.5,40.7,25.8,0,0,,
164,10,Simarjeet Singh,India,CSK,20,FAST BOWLERS 2,6,3,2,7,3,7,8,87.5,0,0,0,0,6,108,138,4,7.7,34.5,27,0,0,,
165,10,Mukesh Choudhary,India,CSK,20,FAST BOWLERS 2,13,2,1,6,4,6,6,100,0,0,1,0,13,272,424,16,9.4,26.5,17,1,0,,
167,10,Khaleel Ahmed,India,DC,50,FAST BOWLERS 2,34,5,0,1,1,0.2,7,14.29,0,0,0,0,34,774,1101,48,8.5,22.9,16.1,0,0,,
168,10,Chetan Sakariya,India,DC,50,FAST BOWLERS 2,17,6,1,16,7,3.2,25,64,0,0,2,0,17,378,510,17,8.1,30,22.2,0,0,,
169,10,Mohsin Khan,India,LSG,20,FAST BOWLERS 2,9,3,2,23,13,23,16,143.75,0,0,2,1,9,198,197,14,6,14.1,14.1,1,0,,
170,10,Siddharth Kaul,India,RCB,75,FAST BOWLERS 2,55,12,8,20,7,5,36,55.56,0,0,1,0,55,1205,1739,58,8.7,30,20.8,1,0,,
171,10,Ishant Sharma,India,_,150,FAST BOWLERS 2,93,25,19,55,10,9.17,61,90.16,0,0,4,2,93,1995,2701,72,8.1,37.5,27.7,0,1,,
172,10,Yash Dayal,India,GT,20,FAST BOWLERS 2,9,1,0,0,0,0,1,0,0,0,0,0,9,192,296,11,9.2,26.9,17.5,0,0,,
173,10,Mukesh Kumar,India,_,20,FAST BOWLERS 2,23,6,5,4,2,4,8,50,0,0,0,0,23,493,592,25,7.2,23.7,19.7,0,0,,
174,10,Raj Bawa,India,PBKS,20,FAST BOWLERS 2,2,2,0,11,11,5.5,14,78.57,0,0,1,0,0,0,0,0,,,,0,0,,
175,10,Matheesha Pathirana,Sri Lanka,CSK,20,FAST BOWLERS 2,2,0,0,0,0,,0,,0,0,0,0,2,39,52,2,8,26,19.5,0,0,,
176,10,Alzarri Joseph,West Indies,GT,75,FAST BOWLERS 2,12,5,4,20,15,20,20,100,0,0,2,0,12,230,351,13,9.1,27,17.7,0,1,,
177,10,Fazalhaq Farooqi,Afghanistan,SRH,50,FAST BOWLERS 2,3,1,1,2,2,-,8,25,0,0,0,0,3,72,110,2,9.2,55,36,0,0,,
178,11,Murugan Ashwin,India,MI,20,SPIN BOWLERS 2,42,13,4,35,9,3.89,50,70,0,0,2,1,42,844,1109,35,7.9,31.7,24.1,0,0,,
179,11,Shreyas Gopal,India,SRH,20,SPIN BOWLERS 2,49,22,8,180,24,12.86,169,106.51,0,0,19,2,48,949,1282,49,8.1,26.2,19.4,1,0,,
180,11,R. Sai Kishore,India,GT,20,SPIN BOWLERS 2,5,0,0,0,0,,0,,0,0,0,0,5,96,121,6,7.6,20.2,16,0,0,,
181,11,Mayank Markande,India,MI,50,SPIN BOWLERS 2,20,8,5,27,7,9,29,93.1,0,0,3,0,20,360,510,17,8.5,30,21.2,1,0,,
182,11,Shahbaz Nadeem,India,SRH,50,SPIN BOWLERS 2,72,22,8,39,6,2.79,87,44.83,0,0,2,0,70,1413,1784,48,7.6,37.2,29.4,0,0,,
183,11,Pravin Dubey,India,_,20,SPIN BOWLERS 2,3,1,1,7,7,-,13,53.85,0,0,0,0,3,48,72,0,9,-,-,0,0,,
184,11,KC Cariappa,India,RR,20,SPIN BOWLERS 2,11,5,2,24,12,8,21,114.29,0,0,0,2,11,216,348,8,9.7,43.5,27,0,0,,
185,11,Kuldeep Sen,India,RR,20,SPIN BOWLERS 2,7,1,1,0,0,,3,0,0,0,0,0,7,151,237,8,9.4,29.6,18.8,1,0,,
186,11,Sandeep Lamichhane,Nepal,_,40,SPIN BOWLERS 2,9,1,0,0,0,0,1,0,0,0,0,0,9,210,292,13,8.3,22.5,16.2,0,0,,
187,12,Shivam Dube,India,CSK,50,ALL ROUNDERS 3,35,33,5,688,95,24.57,516,133.33,0,3,46,38,13,104,166,4,9.5,41.5,26.1,0,0,,
188,12,K. Gowtham,India,LSG,50,ALL ROUNDERS 3,28,20,6,186,33,13.29,111,167.57,0,0,13,12,28,480,661,18,8.3,36.7,26.7,0,0,,
189,12,Vijay Shankar,India,GT,50,ALL ROUNDERS 3,51,43,12,731,63,23.58,599,122.04,0,3,46,28,22,236,344,9,8.7,38.2,26.3,0,0,,
190,12,Rajvardhan Hangargekar,India,CSK,30,ALL ROUNDERS 3,8,3,1,15,9,7.5,12,125,0,0,1,1,7,144,200,5,8.33,40,28.8,0,0,,
191,12,Mahipal Lomror,India,RCB,40,ALL ROUNDERS 3,18,15,2,267,47,20.54,208,128.37,0,0,15,13,8,72,92,1,7.7,92,72,0,0,,
192,12,Jagadeesha Suchith,India,SRH,20,ALL ROUNDERS 3,22,10,6,70,34,17.5,61,114.75,0,0,6,3,21,420,602,19,8.6,31.7,22.1,0,0,,
193,12,Mayank Dagar,India,PBKS,20,ALL ROUNDERS 3,44,17,3,72,21,5.1,93,77.4,0,0,5,1,44,926,955,44,6.17,21.7,21.1,0,0,,
194,12,Nishant Sandhu,India,_,20,ALL ROUNDERS 3,8,8,1,90,42,12.8,84,107.1,0,0,4,5,6,96,96,5,6,19.2,19.2,0,0,,
195,12,Bhagat Varma,India,CSK,20,ALL ROUNDERS 3,5,2,2,1,1,-,1,100,0,0,0,0,4,66,64,2,5.81,32,33,0,0,,
196,12,Lalit Yadav,India,DC,20,ALL ROUNDERS 3,19,13,4,229,48,25.44,219,104.57,0,0,18,7,13,192,251,8,7.8,31.4,24,0,0,,
197,12,Jayant Yadav,India,GT,100,ALL ROUNDERS 3,19,5,1,40,23,10,36,111.11,0,0,2,1,19,366,419,8,6.9,52.4,45.8,0,0,,
198,12,Anukul Roy,India,KKR,20,ALL ROUNDERS 3,3,1,0,0,0,0,2,0,0,0,0,0,3,54,66,2,7.3,33,27,0,0,,
199,12,Marco Jansen,South Africa,SRH,50,ALL ROUNDERS 3,10,5,2,9,8,3,10,90,0,0,0,1,10,228,319,9,8.4,35.4,25.3,0,0,,
200,12,Kyle Jamieson,New Zealand,_,100,ALL ROUNDERS 3,9,7,3,65,16,16.25,55,118.18,0,0,5,3,9,168,269,9,9.6,29.9,18.7,0,0,,
201,13,Anmolpreet Singh,India,MI,20,BATSMEN 3,3,3,0,29,16,9.67,27,107.41,0,0,3,1,0,0,0,0,,,,0,0,,
202,13,Ramandeep Singh,India,MI,20,BATSMEN 3,5,4,2,45,14,22.5,40,112.5,0,0,3,1,-,-,-,-,-,-,-,-,-,,
203,13,Suyash Prabhudessai,India,RCB,20,BATSMEN 3,5,5,0,67,34,13.4,59,113.56,0,0,7,2,-,-,-,-,-,-,-,-,-,,
204,13,Shaikh Rasheed,India,_,20,BATSMEN 3,3,3,1,56,37,28,50,112,0,0,5,0,-,-,-,-,-,-,-,-,-,,
205,13,Sai Sudharshan,India,GT,20,BATSMEN 3,5,5,1,145,65,36.25,114,127.19,0,1,14,3,-,-,-,-,-,-,-,-,-,,
206,13,Virat Singh,India,_,20,BATSMEN 3,3,2,0,15,11,7.5,26,57.69,0,0,1,0,-,-,-,-,-,-,-,-,-,,
207,13,Manoj Bhandage,India,_,20,BATSMEN 3,15,7,2,116,41,23.2,75,154.7,0,0,7,8,-,-,-,-,-,-,-,-,-,,
208,13,Baba Indrajith,India,KKR,20,BATSMEN 3,3,3,0,21,15,7,30,70,0,0,2,0,-,-,-,-,-,-,-,-,-,,
209,13,Shashank Singh,India,SRH,20,BATSMEN 3,10,5,1,69,25,17.25,47,146.81,0,0,5,4,2,12,20,0,10,-,-,0,0,,
210,13,Dhruv Shorey,India,_,20,BATSMEN 3,2,2,0,13,8,6.5,17,76.47,0,0,0,1,-,-,-,-,-,-,-,-,-,,
211,13,Harry Brook ,England,_,200,BATSMEN 3,20,17,3,372,81,26.6,270,137.8,0,1,30,15,0,#REF!,0,0,0,0,0,0,0,,
212,13,Daryl Mitchell,New Zealand,RR,75,BATSMEN 3,2,2,0,33,17,16.5,44,75,0,0,1,0,2,12,27,0,13.5,-,-,0,0,,
213,13,Kyle Mayers,West Indies,LSG,50,BATSMEN 3,21,20,1,408,73,21.5,316,129.1,0,2,43,22,8,#REF!,20,0,10,0,0,0,0,,
214,14,Kedar Jadhav,India,_,100,ALL ROUNDERS 4,93,80,26,1196,69,22.15,971,123.17,0,4,101,40,0,#REF!,0,0,,,,0,0,,
215,14,Tim David,Australia,MI,40,ALL ROUNDERS 4,9,9,3,187,46,31.17,89,210.11,0,0,12,16,0,0,0,0,,,,0,0,,
216,14,Fabian Allen,West Indies,_,70,ALL ROUNDERS 4,5,4,2,14,8,7,19,73.68,0,0,1,0,4,90,136,2,9.1,68,45,0,0,,
217,14,Ben Cutting,Australia,_,70,ALL ROUNDERS 4,21,17,6,238,39,21.64,141,168.79,0,0,15,19,17,279,429,10,9.2,42.9,27.9,0,0,,
218,14,David Wiese,Namibia,_,50,ALL ROUNDERS 4,15,8,4,127,47,31.75,90,141.11,0,0,12,4,14,277,402,16,8.7,25.1,17.3,1,0,,
219,14,Carlos Brathwaite,West Indies,_,70,ALL ROUNDERS 4,16,14,1,181,43,13.92,111,163.06,0,0,10,16,16,253,379,13,9,29.2,19.5,0,0,,
220,14,Colin De Grandhomme,New Zealand,_,100,ALL ROUNDERS 4,25,21,5,303,40,18.94,225,134.67,0,0,18,18,19,216,319,6,8.9,53.2,36,0,0,,
221,2,Rovman Powell,West Indies,DC,100,BATSMEN 1,14,12,2,250,67*,25,167,149.7,0,1,10,22,14,6,17,0,17,-,-,0,0,,
222,2,Shubman Gill,India,GT,200,BATSMEN 1,74,71,12,1900,96,32.2,1517,125.2,0,14,188,47,74,-,-,-,-,-,-,-,-,,
223,11,Hrithick Shokeen,India,MI,20,SPIN BOWLERS 2,5,3,1,43,25,21.5,48,89.6,0,0,5,0,5,90,127,2,8.46,63.5,45,0,0,,
225,4,Mohammed Siraj,India,RCB,200,FAST BOWLERS 1,65,20,13,96,14*,13.7,109,88.1,0,0,10,2,65,1334,1951,59,8.77,33.1,22.6,1,0,,
226,4,Navdeep Saini,India,RR,200,FAST BOWLERS 1,30,7,3,33,12*,8.2,37,89.2,0,0,3,0,30,622,900,20,8.68,45,31.1,0,0,,
227,4,Umran Malik,India,SRH,200,FAST BOWLERS 1,17,4,3,4,3*,4,8,50,0,0,0,0,17,367,540,24,8.82,22.5,15.3,1,1,,
